,HR density (g/cm3),HR density radius (pc),LR density (g/cm3),LR density radius (pc)
0,4.376263587853971e-17,3.2579448767364976e-06,2.708732687215509e-17,8.144862191841243e-06
1,4.1778974253225654e-17,4.886917315104747e-06,2.9365679321753064e-17,1.2217293287761866e-05
2,3.8649184332493933e-17,6.515889753472995e-06,3.1248904606287247e-17,1.628972438368249e-05
3,3.5491061653097234e-17,8.144862191841245e-06,2.9209420707530095e-17,2.0362155479603112e-05
4,3.6689480978502635e-17,9.773834630209493e-06,2.493611859583175e-17,2.4434586575523732e-05
5,4.148616702557844e-17,1.1402807068577742e-05,1.9702578438751472e-17,2.8507017671444352e-05
6,4.541142045260484e-17,1.303177950694599e-05,1.448735635017907e-17,3.257944876736497e-05
7,4.740191050112498e-17,1.4660751945314237e-05,9.921772974641417e-18,3.66518798632856e-05
8,4.76580802589567e-17,1.6289724383682486e-05,6.3097303207498815e-18,4.0724310959206225e-05
9,4.6403208170676206e-17,1.7918696822050738e-05,3.7023958011549694e-18,4.479674205512684e-05
10,4.389961528874456e-17,1.9547669260418986e-05,1.972015826938032e-18,4.8869173151047464e-05
11,4.044083196444636e-17,2.1176641698787235e-05,9.09616583055932e-19,5.294160424696808e-05
12,3.632860127941883e-17,2.2805614137155484e-05,3.041443089943402e-19,5.7014035342888704e-05
13,3.18561207084638e-17,2.4434586575523732e-05,-1.1159634392807279e-20,6.108646643880933e-05
14,2.7288313685744026e-17,2.6063559013891977e-05,-1.5421150807716526e-19,6.515889753472994e-05
15,2.284714609528524e-17,2.769253145226023e-05,-2.0675034105042626e-19,6.923132863065057e-05
16,1.8708435054268892e-17,2.932150389062848e-05,-2.196801047377434e-19,7.33037597265712e-05
17,1.49935695569212e-17,3.0950476328996727e-05,-2.0856404390542477e-19,7.737619082249181e-05
18,1.1773650334031977e-17,3.257944876736498e-05,-1.7993681606291894e-19,8.144862191841242e-05
19,9.071826496443724e-18,3.4208421205733224e-05,-1.452996730193637e-19,8.552105301433306e-05
20,6.8715343577893815e-18,3.583739364410147e-05,-1.0913803804458667e-19,8.959348411025368e-05
21,5.130648000872223e-18,3.746636608246972e-05,-7.50192856391426e-20,9.366591520617429e-05
22,3.7890110463359775e-18,3.909533852083797e-05,-4.455404437742919e-20,9.773834630209493e-05
23,2.7798683239797314e-18,4.0724310959206225e-05,-1.826286760661618e-20,0.00010181077739801553
24,2.0358823675018694e-18,4.235328339757448e-05,2.2298673196977733e-21,0.00010588320849393616
25,1.4948413934587932e-18,4.398225583594272e-05,1.5979542035818374e-20,0.0001099556395898568
26,1.1038516921565195e-18,4.561122827431097e-05,2.5033740078821698e-20,0.00011402807068577744
27,8.199314383912424e-19,4.724020071267921e-05,3.3328291452898176e-20,0.00011810050178169803
28,6.110514583287619e-19,4.8869173151047464e-05,4.331327091270828e-20,0.00012217293287761867
29,4.546209649081193e-19,5.0498145589415716e-05,5.460189073649968e-20,0.0001262453639735393
30,3.35682070973008e-19,5.212711802778396e-05,6.608530423324473e-20,0.0001303177950694599
31,2.447362355466881e-19,5.375609046615222e-05,7.692231022677202e-20,0.00013439022616538052
32,1.75572328460116e-19,5.538506290452046e-05,8.544823680276937e-20,0.00013846265726130116
33,1.2389766306962694e-19,5.701403534288872e-05,9.043819318986296e-20,0.00014253508835722177
34,8.626014306382077e-20,5.864300778125695e-05,9.196551253740906e-20,0.0001466075194531424
35,5.963289885839426e-20,6.02719802196252e-05,8.967424609975073e-20,0.00015067995054906302
36,4.127076888766308e-20,6.190095265799345e-05,8.286690049504163e-20,0.00015475238164498365
37,2.877668952060878e-20,6.35299250963617e-05,7.196150233858491e-20,0.00015882481274090426
38,2.0267477388402115e-20,6.515889753472996e-05,5.848528038370044e-20,0.00016289724383682485
39,1.4449576999839795e-20,6.67878699730982e-05,4.4374699171513897e-20,0.00016696967493274548
40,1.0628626994041356e-20,6.841684241146645e-05,3.152420285888844e-20,0.00017104210602866612
41,8.56273271201968e-21,7.00458148498347e-05,2.1198987620986477e-20,0.00017511453712458676
42,8.247352838202274e-21,7.167478728820295e-05,1.3788383478204624e-20,0.00017918696822050737
43,9.668494070748756e-21,7.33037597265712e-05,8.583369699178414e-21,0.000183259399316428
44,1.2609161162354712e-20,7.493273216493946e-05,4.540962130488482e-21,0.00018733183041234864
45,1.659963514864726e-20,7.656170460330771e-05,1.335976143512591e-21,0.00019140426150826928
46,2.0987731152558794e-20,7.819067704167595e-05,-9.002561083099233e-22,0.00019547669260418986
47,2.5100493011699577e-20,7.98196494800442e-05,-2.6180664276771154e-21,0.00019954912370011044
48,2.842715294768968e-20,8.144862191841245e-05,-4.8594607778352006e-21,0.00020362155479603113
49,3.0724352171169877e-20,8.307759435678069e-05,-7.936283877136846e-21,0.00020769398589195171
50,3.2021170955705665e-20,8.470656679514894e-05,-1.1510264190009639e-20,0.00021176641698787232
51,3.2539912710971967e-20,8.633553923351719e-05,-1.500336311242346e-20,0.00021583884808379296
52,3.256525150136525e-20,8.796451167188543e-05,-1.7731513207456707e-20,0.0002199112791797136
53,3.233240426135011e-20,8.959348411025368e-05,-1.9320064085268495e-20,0.00022398371027563418
54,3.19647827549386e-20,9.122245654862193e-05,-1.9613385095431848e-20,0.00022805614137155487
55,3.147098588439015e-20,9.285142898699019e-05,-1.8170303026666417e-20,0.00023212857246747545
56,3.077920898849751e-20,9.448040142535844e-05,-1.4947221647657907e-20,0.0002362010035633961
57,2.978852860508813e-20,9.610937386372669e-05,-1.1106701246130408e-20,0.0002402734346593167
58,2.8411182488610397e-20,9.773834630209493e-05,-7.944674302631731e-21,0.00024434586575523734
59,2.6585580625219266e-20,9.936731874046318e-05,-5.962819462183631e-21,0.00024841829685115795
60,2.4269228213927665e-20,0.00010099629117883143,-4.937058036052357e-21,0.0002524907279470786
61,2.1414421715794212e-20,0.00010262526361719967,-4.824939822976342e-21,0.00025656315904299916
62,1.7946583045741258e-20,0.00010425423605556792,-5.530201497280813e-21,0.0002606355901389198
63,1.374981868473869e-20,0.0001058832084939362,-6.356435826544367e-21,0.00026470802123484044
64,8.60791890910758e-21,0.00010751218093230444,-6.980146745066133e-21,0.00026878045233076105
65,2.752160453640159e-21,0.00010914115337067267,-7.86438800264655e-21,0.0002728528834266817
66,-1.8669553976188826e-21,0.00011077012580904092,-9.236572255938949e-21,0.00027692531452260227
67,-3.559852936578164e-21,0.00011239909824740918,-1.0620447973407254e-20,0.00028099774561852293
68,-3.747114176473135e-21,0.00011402807068577741,-1.1873750836905097e-20,0.00028507017671444354
69,-3.964224070323462e-21,0.00011565704312414566,-1.3109744407148539e-20,0.0002891426078103641
70,-4.218939461052541e-21,0.0001172860155625139,-1.4048942946014505e-20,0.00029321503890628476
71,-4.5220401834607455e-21,0.00011891498800088215,-1.4309421206521273e-20,0.0002972874700022054
72,-4.889026605676436e-21,0.00012054396043925043,-1.4065907073008626e-20,0.00030135990109812603
73,-5.343171453199536e-21,0.00012217293287761867,-1.3714966232612937e-20,0.00030543233219404664
74,-5.921467731330322e-21,0.0001238019053159869,-1.3355490737741687e-20,0.00030950476328996725
75,-6.68758533352499e-21,0.00012543087775435517,-1.3133906068614093e-20,0.0003135771943858879
76,-7.765193080548883e-21,0.00012705985019272344,-1.3079512212046976e-20,0.0003176496254818085
77,-9.452017828461279e-21,0.00012868882263109165,-1.3109369749875511e-20,0.00032172205657772914
78,-1.125918342471374e-20,0.0001303177950694599,-1.3118078881061856e-20,0.0003257944876736498
79,-1.0661151195186499e-20,0.00013194676750782818,-1.2969139813515986e-20,0.0003298669187695704
80,-7.142230944330135e-21,0.0001335757399461964,-1.2612947432032446e-20,0.00033393934986549096
81,-3.039175083241713e-21,0.00013520471238456466,-1.2024819487592797e-20,0.00033801178096141163
82,5.028799581705175e-22,0.00013683368482293292,-1.1108286370192218e-20,0.00034208421205733224
83,3.377410115180817e-21,0.00013846265726130116,-9.986092069290175e-21,0.0003461566431532529
84,5.651357692820208e-21,0.0001400916296996694,-9.059303770587288e-21,0.0003502290742491735
85,7.465261692425841e-21,0.00014172060213803766,-8.382365412749836e-21,0.00035430150534509407
86,8.930024363914841e-21,0.00014334957457640588,-7.675766787410576e-21,0.00035837393644101473
87,1.0066981477738617e-20,0.00014497854701477414,-6.439331342253406e-21,0.0003624463675369354
88,1.0807309437486132e-20,0.0001466075194531424,-4.275265262660401e-21,0.000366518798632856
89,1.1057884188067111e-20,0.00014823649189151065,-1.4781176415355702e-21,0.00037059122972877656
90,1.0780643337435361e-20,0.0001498654643298789,1.7231696704900123e-21,0.0003746636608246973
91,1.0044557634477024e-20,0.00015149443676824715,5.4726972880614375e-21,0.00037873609192061794
92,9.022834799694933e-21,0.00015312340920661541,9.107249685683989e-21,0.00038280852301653855
93,7.920723316939272e-21,0.00015475238164498365,1.1731757353185242e-20,0.00038688095411245905
94,6.872118936938704e-21,0.0001563813540833519,1.3719542331596825e-20,0.0003909533852083797
95,5.856299315149979e-21,0.00015801032652172013,1.5884736534486828e-20,0.0003950258163043003
96,4.666719914866863e-21,0.0001596392989600884,1.825627433161928e-20,0.000399098247400221
97,2.9031265705866166e-21,0.00016126827139845663,2.0620706108863604e-20,0.0004031706784961416
98,5.84272591496759e-22,0.0001628972438368249,2.3264099779842812e-20,0.00040724310959206226
99,-1.0258905502328475e-21,0.00016452621627519314,2.6332245159227314e-20,0.00041131554068798287
100,-1.4118975001987868e-21,0.0001661551887135614,2.912892117008383e-20,0.00041538797178390343
101,-1.4244797558906059e-21,0.00016778416115192967,3.120270977718953e-20,0.00041946040287982404
102,-1.4377285373162204e-21,0.00016941313359029788,3.303270721434827e-20,0.00042353283397574465
103,-1.4517330029374996e-21,0.00017104210602866612,3.455785707744854e-20,0.00042760526507166526
104,-1.4666062577375313e-21,0.00017267107846703438,3.5182921038225156e-20,0.0004316776961675858
105,-1.482494983784784e-21,0.00017430005090540262,3.509651941274411e-20,0.00043575012726350653
106,-1.4995942289446903e-21,0.00017592902334377086,3.4722572625354125e-20,0.0004398225583594272
107,-1.5181708886912729e-21,0.0001775579957821391,3.4046155785019126e-20,0.0004438949894553478
108,-1.5386024747010218e-21,0.00017918696822050737,3.321262610718e-20,0.00044796742055126847
109,-1.5614441574366094e-21,0.0001808159406588756,3.25435480984825e-20,0.000452039851647189
110,-1.587551405005598e-21,0.00018244491309724387,3.19959429115343e-20,0.00045611228274310974
111,-1.6183205971636824e-21,0.0001840738855356121,3.1597794966044943e-20,0.0004601847138390303
112,-1.6562058027128096e-21,0.00018570285797398037,3.148274646915022e-20,0.0004642571449349509
113,-1.7059738767792812e-21,0.00018733183041234864,3.140043993600399e-20,0.0004683295760308715
114,-1.7783562609502292e-21,0.00018896080285071685,3.103547374301345e-20,0.0004724020071267921
115,-1.904470949620654e-21,0.0001905897752890851,3.039145142189435e-20,0.0004764744382227128
116,-1.9536612919232725e-21,0.00019221874772745335,2.951845746083991e-20,0.0004805468693186334
117,-1.5334114590973778e-21,0.0001938477201658216,2.84040628158316e-20,0.00048461930041455406
118,-8.995017179446695e-22,0.00019547669260418986,2.7179622726316006e-20,0.0004886917315104747
119,-7.366201752584653e-22,0.00019710566504255812,2.5833995257309626e-20,0.0004927641626063953
120,-1.1170870863536655e-21,0.00019873463748092636,2.4229162893834177e-20,0.0004968365937023159
121,-1.5698016850371657e-21,0.00020036360991929463,2.2483130423853378e-20,0.0005009090247982364
122,-1.7390122011288765e-21,0.00020199258235766287,2.0917723389206688e-20,0.0005049814558941571
123,-1.7647261602201054e-21,0.00020362155479603113,1.9543747963226163e-20,0.0005090538869900778
124,-1.7918486483777575e-21,0.0002052505272343994,1.813937365020839e-20,0.0005131263180859983
125,-1.8205061647607785e-21,0.00020687949967276764,1.685058027146916e-20,0.000517198749181919
126,-1.8508417370127462e-21,0.0002085084721111359,1.5894652747376807e-20,0.0005212711802778397
127,-1.883017815617436e-21,0.0002101374445495041,1.499982043905395e-20,0.0005253436113737602
128,-1.9172198187530475e-21,0.00021176641698787235,1.3768048838344043e-20,0.0005294160424696809
129,-1.9536605102055162e-21,0.00021339538942624062,1.2322551589429664e-20,0.0005334884735656015
130,-1.9925854557119063e-21,0.00021502436186460883,1.0978379471422252e-20,0.0005375609046615221
131,-2.0342798920643877e-21,0.0002166533343029771,9.85908900122709e-21,0.0005416333357574427
132,-2.079077471460617e-21,0.00021828230674134533,9.04555022904446e-21,0.0005457057668533634
133,-2.127371531730591e-21,0.0002199112791797136,8.530925554854083e-21,0.0005497781979492839
134,-2.1796298251850484e-21,0.00022154025161808184,8.115919678465036e-21,0.0005538506290452045
135,-2.236414072041399e-21,0.0002231692240564501,7.603343356362403e-21,0.0005579230601411251
136,-2.2984063878180912e-21,0.00022479819649481837,7.045534369069403e-21,0.0005619954912370459
137,-2.366445746083655e-21,0.0002264271689331866,6.584976620823916e-21,0.0005660679223329665
138,-2.4415795128717312e-21,0.00022805614137155487,6.273542860831917e-21,0.0005701403534288871
139,-2.5251383845182634e-21,0.0002296851138099231,6.0843197500840214e-21,0.0005742127845248077
140,-2.618849144167697e-21,0.00023131408624829132,5.9855459186092165e-21,0.0005782852156207284
141,-2.7250115621976737e-21,0.00023294305868665959,5.917599205288397e-21,0.000582357646716649
142,-2.8467908139378852e-21,0.00023457203112502785,5.847987162004178e-21,0.0005864300778125696
143,-2.9887343856082627e-21,0.0002362010035633961,5.830161388184196e-21,0.0005905025089084901
144,-3.157770970532254e-21,0.00023782997600176436,5.835891481511611e-21,0.0005945749400044107
145,-3.3653955417669292e-21,0.00023945894844013257,5.8522749300932324e-21,0.0005986473711003313
146,-3.6334202601212855e-21,0.0002410879208785008,5.852351769710036e-21,0.0006027198021962521
147,-4.0146879363665725e-21,0.00024271689331686907,5.554677508870376e-21,0.0006067922332921727
148,-4.3698794876983886e-21,0.00024434586575523734,4.812125380892595e-21,0.0006108646643880933
149,-4.190155975350196e-21,0.0002459748381936056,3.871388367886769e-21,0.0006149370954840139
150,-3.771737963224108e-21,0.0002476038106319738,2.8930187692964476e-21,0.0006190095265799345
151,-4.0892665760961646e-21,0.0002492327830703421,1.98058262442926e-21,0.0006230819576758552
152,-4.960992353182797e-21,0.00025086175550871034,1.3055975100948153e-21,0.0006271543887717757
153,-5.215332126777536e-21,0.00025249072794707856,7.6046533871593145e-22,0.0006312268198676963
154,-4.283452666116129e-21,0.0002541197003854468,2.5238990789438814e-22,0.000635299250963617
155,-3.05098050774953e-21,0.0002557486728238151,-1.3800835329881154e-22,0.0006393716820595378
156,-2.0426521451092643e-21,0.0002573776452621833,-5.9097600057973e-22,0.0006434441131554583
157,-1.0838693303804347e-21,0.0002590066177005516,-1.2095604403665387e-21,0.000647516544251379
158,-3.0145220480998653e-22,0.0002606355901389199,-1.728866354955221e-21,0.0006515889753472996
159,2.814786186851699e-22,0.0002622645625772881,-2.107058066743763e-21,0.0006556614064432202
160,5.598219870953451e-22,0.0002638935350156563,-2.4500464823603314e-21,0.0006597338375391408
161,5.213304863993106e-22,0.00026552250745402457,-2.6530771582415958e-21,0.0006638062686350613
162,4.353715830115964e-22,0.0002671514798923928,-2.7039181526639956e-21,0.0006678786997309819
163,5.771353334753702e-22,0.00026878045233076105,-2.6464926749158807e-21,0.0006719511308269028
164,1.0052084714992643e-21,0.00027040942476912937,-2.528664502582289e-21,0.0006760235619228234
165,1.5777158795939896e-21,0.0002720383972074976,-2.5841921846927645e-21,0.0006800959930187439
166,2.090564782146375e-21,0.00027366736964586584,-2.8123700909959763e-21,0.0006841684241146645
167,2.4172366632405256e-21,0.00027529634208423406,-2.945572520011349e-21,0.0006882408552105851
168,2.521511368490639e-21,0.00027692531452260227,-2.9812617750765517e-21,0.0006923132863065057
169,2.402662619158807e-21,0.0002785542869609706,-3.0063897042643836e-21,0.0006963857174024263
170,2.1055124416891952e-21,0.00028018325939933885,-3.009969963919891e-21,0.000700458148498347
171,1.740165808511338e-21,0.00028181223183770706,-3.0367898414341664e-21,0.0007045305795942676
172,1.4345310508659557e-21,0.00028344120427607533,-3.044602899550543e-21,0.0007086030106901882
173,1.2600526351372102e-21,0.00028507017671444354,-2.940095289160233e-21,0.000712675441786109
174,1.175551713900174e-21,0.00028669914915281175,-2.7271627011266402e-21,0.0007167478728820295
175,1.033013356933089e-21,0.00028832812159118,-2.3720286010275315e-21,0.0007208203039779501
176,6.804551995976406e-22,0.0002899570940295483,-1.8553302766878487e-21,0.0007248927350738707
177,9.147717174691953e-23,0.00029158606646791655,-1.2909082994428438e-21,0.0007289651661697913
178,-6.11038288792878e-22,0.0002932150389062848,-8.207096121397074e-22,0.000733037597265712
179,-1.2535096711096845e-21,0.000294844011344653,-4.7199368558515655e-22,0.0007371100283616327
180,-1.7172429053175605e-21,0.0002964729837830213,-7.609460403905444e-23,0.0007411824594575531
181,-1.9697296318910323e-21,0.0002981019562213895,5.394312178615846e-22,0.0007452548905534739
182,-2.042188686902667e-21,0.0002997309286597578,1.3192784561250453e-21,0.0007493273216493943
183,-1.9974310178869052e-21,0.00030135990109812603,2.07832121355874e-21,0.0007533997527453151
184,-1.899732499183177e-21,0.0003029888735364943,2.6847864673921252e-21,0.0007574721838412356
185,-1.7860059929505198e-21,0.00030461784597486256,3.0679743249655378e-21,0.0007615446149371563
186,-1.6568574301256633e-21,0.0003062468184132308,3.2485889399510255e-21,0.0007656170460330771
187,-1.4983230629310113e-21,0.000307875790851599,3.3462452804766074e-21,0.0007696894771289975
188,-1.3073053217816845e-21,0.00030950476328996725,3.35741831657433e-21,0.0007737619082249182
189,-1.097665041906361e-21,0.0003111337357283355,3.1529096764296253e-21,0.0007778343393208387
190,-8.836313488444063e-22,0.0003127627081667038,2.764495914638472e-21,0.0007819067704167594
191,-6.653874416683122e-22,0.000314391680605072,2.4009244183382876e-21,0.00078597920151268
192,-4.356408657290416e-22,0.00031602065304344026,2.1856491048276912e-21,0.0007900516326086007
193,-1.9943436588722557e-22,0.0003176496254818085,2.0105819426457372e-21,0.0007941240637045214
194,6.1339677955032046e-24,0.0003192785979201768,1.632990431490695e-21,0.000798196494800442
195,1.0308312596180375e-22,0.000320907570358545,9.577847485253557e-22,0.0008022689258963626
196,-0.0,0.00032253654279691327,-0.0,0.0008063413569922833
