,HR surface density (g/cm2),HR surf dens radius (pc),LR surface density (g/cm2),LR surface density radius (pc),Reproj surface density (g/cm2),Reproj surf dens radius (pc),CSM surface density (g/cm2),CSM Surf Dens Radius (pc)
0,0.009254187509873982,2.443458657552374e-06,0.007838507828771263,6.108646643880934e-06,0.007871618353686133,6.108646643880934e-06,-3.311052491486785e-05,6.108646643880934e-06
1,0.009169047932070592,4.072431095920622e-06,0.007526522457238152,1.0181077739801556e-05,0.007619257067489765,1.0181077739801556e-05,-9.273461025161423e-05,1.0181077739801556e-05
2,0.009034509812891214,5.701403534288872e-06,0.007868730005393001,1.425350883572218e-05,0.008077290844688986,1.425350883572218e-05,-0.00020856083929598706,1.425350883572218e-05
3,0.008843787151189466,7.330375972657121e-06,0.007534146367257962,1.83259399316428e-05,0.007890569391452898,1.83259399316428e-05,-0.00035642302419493596,1.83259399316428e-05
4,0.008589344988922543,8.95934841102537e-06,0.00669951290445222,2.2398371027563424e-05,0.007218637205103746,2.2398371027563424e-05,-0.0005191243006515285,2.2398371027563424e-05
5,0.008772791875482567,1.0588320849393618e-05,0.005557791913308235,2.6470802123484044e-05,0.006228932687045099,2.6470802123484044e-05,-0.0006711407737368647,2.6470802123484044e-05
6,0.00897009093567999,1.2217293287761868e-05,0.004306869676918107,3.054323321940467e-05,0.0050883136048541075,3.054323321940467e-05,-0.0007814439279359996,3.054323321940467e-05
7,0.00897671055504722,1.3846265726130116e-05,0.00312030462521635,3.461566431532529e-05,0.0039466933711659125,3.461566431532529e-05,-0.0008263887459495623,3.461566431532529e-05
8,0.008797277369831233,1.5475238164498363e-05,0.002107541941541418,3.868809541124592e-05,0.0029101391508211875,3.868809541124592e-05,-0.0008025972092797697,3.868809541124592e-05
9,0.008444284120000587,1.7104210602866615e-05,0.001322965934131063,4.2760526507166537e-05,0.002044742082936026,4.2760526507166537e-05,-0.0007217761488049635,4.2760526507166537e-05
10,0.007939260461373882,1.8733183041234864e-05,0.0007677418681646902,4.683295760308716e-05,0.0013724389894452177,4.683295760308716e-05,-0.0006046971212805277,4.683295760308716e-05
11,0.007311492153992115,2.0362155479603112e-05,0.0004069276599707662,5.0905388699007776e-05,0.0008824002233842425,5.0905388699007776e-05,-0.0004754725634134762,5.0905388699007776e-05
12,0.006596095024547448,2.199112791797136e-05,0.00019169470481534954,5.4977819794928406e-05,0.0005469276852238565,5.4977819794928406e-05,-0.00035523298040850707,5.4977819794928406e-05
13,0.005829187441799668,2.362010035633961e-05,7.404837401616937e-05,5.905025089084902e-05,0.00032862046222772626,5.905025089084902e-05,-0.000254572088211557,5.905025089084902e-05
14,0.00504728181852973,2.524907279470786e-05,1.9133437482293838e-05,6.312268198676965e-05,0.00019395264276941265,6.312268198676965e-05,-0.00017481920528711887,6.312268198676965e-05
15,0.004282266420476213,2.6878045233076103e-05,-6.159230899801915e-07,6.719511308269026e-05,0.00011444027420036931,6.719511308269026e-05,-0.00011505619729034953,6.719511308269026e-05
16,0.003560986228019559,2.850701767144436e-05,-2.6438329170459857e-06,7.12675441786109e-05,6.925733576139056e-05,7.12675441786109e-05,-7.190116867843655e-05,7.12675441786109e-05
17,0.002904186313576278,3.0135990109812607e-05,5.695527714152622e-06,7.533997527453151e-05,4.439762887077542e-05,7.533997527453151e-05,-3.870210115662281e-05,7.533997527453151e-05
18,0.0023244040412288077,3.176496254818086e-05,1.9671239066381866e-05,7.941240637045213e-05,3.083381884625658e-05,7.941240637045213e-05,-1.1162579779874722e-05,7.941240637045213e-05
19,0.0018286261094502406,3.3393934986549105e-05,3.5892553943646346e-05,8.348483746637275e-05,2.3285200595885644e-05,8.348483746637275e-05,1.2607353347760703e-05,8.348483746637275e-05
20,0.0014161744808900967,3.502290742491735e-05,5.259404892928141e-05,8.755726856229338e-05,1.8671398410076944e-05,8.755726856229338e-05,3.392265051920446e-05,8.755726856229338e-05
21,0.0010823470885186078,3.66518798632856e-05,6.856611231718887e-05,9.1629699658214e-05,1.5373283881890156e-05,9.1629699658214e-05,5.3192828435298715e-05,9.1629699658214e-05
22,0.000818909093151747,3.828085230165385e-05,8.259829864481372e-05,9.570213075413462e-05,1.2580615623076783e-05,9.570213075413462e-05,7.001768302173697e-05,9.570213075413462e-05
23,0.0006155055406279969,3.99098247400221e-05,9.462713682421819e-05,9.977456185005525e-05,9.958006790194953e-06,9.977456185005525e-05,8.466913003402325e-05,9.977456185005525e-05
24,0.0004616904187560907,4.153879717839035e-05,0.00010455342540356002,0.00010384699294597586,7.443230656438755e-06,0.00010384699294597586,9.711019474712129e-05,0.00010384699294597586
25,0.00034680698296924296,4.316776961675861e-05,0.00011178885274767311,0.0001079194240418965,5.114077262944437e-06,0.0001079194240418965,0.00010667477548472868,0.0001079194240418965
26,0.00026176198021542386,4.479674205512685e-05,0.0001164708450008891,0.00011199185513781712,3.1156942298479878e-06,0.00011199185513781712,0.00011335515077104113,0.00011199185513781712
27,0.0001987457550298813,4.64257144934951e-05,0.00011975271799219688,0.00011606428623373774,1.5950218588693468e-06,0.00011606428623373774,0.00011815769613332752,0.00011606428623373774
28,0.0001516480342813118,4.8054686931863345e-05,0.00012304622068036523,0.00012013671732965835,6.566628401159632e-07,0.00012013671732965835,0.00012238955784024932,0.00012013671732965835
29,0.00011604869611928018,4.96836593702316e-05,0.00012665935556802256,0.000124209148425579,3.2818603837702443e-07,0.000124209148425579,0.00012633116952964554,0.000124209148425579
30,8.878320193681863e-05,5.131263180859984e-05,0.00012990601965553997,0.0001282815795214996,5.429708532929507e-07,0.0001282815795214996,0.000129363048802247,0.0001282815795214996
31,6.782536456054922e-05,5.2941604246968094e-05,0.0001323674880720909,0.00013235401061742022,1.1462684066105173e-06,0.00013235401061742022,0.00013122121966548038,0.00013235401061742022
32,5.1769958282871585e-05,5.4570576685336346e-05,0.000133836919400505,0.00013642644171334086,1.9249930722612475e-06,0.00013642644171334086,0.00013191192632824378,0.00013642644171334086
33,3.9651656800480645e-05,5.61995491237046e-05,0.00013340593112091525,0.0001404988728092615,2.648997011583575e-06,0.0001404988728092615,0.00013075693410933168,0.0001404988728092615
34,3.071846084719193e-05,5.7828521562072844e-05,0.00013102376077629466,0.0001445713039051821,3.1168518520478675e-06,0.0001445713039051821,0.00012790690892424677,0.0001445713039051821
35,2.4311230314721123e-05,5.945749400044108e-05,0.00012701611519764453,0.0001486437350011027,3.1923079971796e-06,0.0001486437350011027,0.0001238238072004649,0.0001486437350011027
36,1.985812910119474e-05,6.108646643880933e-05,0.00012124408615860272,0.00015271616609702335,2.828157190324796e-06,0.00015271616609702335,0.00011841592896827792,0.00015271616609702335
37,1.6838888584899333e-05,6.271543887717759e-05,0.00011370189460328353,0.00015678859719294399,2.0712198882228488e-06,0.00015678859719294399,0.00011163067471506066,0.00015678859719294399
38,1.483535000169053e-05,6.434441131554584e-05,0.00010508148259869526,0.0001608610282888646,1.0422572712618262e-06,0.0001608610282888646,0.00010403922532743344,0.0001608610282888646
39,1.3533466825517228e-05,6.597338375391409e-05,9.624811561796039e-05,0.00016493345938478518,-9.095937213695161e-08,0.00016493345938478518,9.633907499009733e-05,0.00016493345938478518
40,1.273207460492619e-05,6.760235619228233e-05,8.806891572121267e-05,0.00016900589048070581,-1.154773869291526e-06,0.00016900589048070581,8.922368959050422e-05,0.00016900589048070581
41,1.2328902933693801e-05,6.923132863065058e-05,8.126934432810879e-05,0.00017307832157662648,-2.0101842007334963e-06,0.00017307832157662648,8.32795285288423e-05,0.00017307832157662648
42,1.2275318526892893e-05,7.086030106901883e-05,7.605023920731753e-05,0.0001771507526725471,-2.579368908007951e-06,0.0001771507526725471,7.862960811532549e-05,0.0001771507526725471
43,1.2544816301981418e-05,7.248927350738708e-05,7.242370789278956e-05,0.0001812231837684677,-2.8580772947189317e-06,0.0001812231837684677,7.528178518750848e-05,0.0001812231837684677
44,1.3084217752489888e-05,7.411824594575534e-05,6.970217398373251e-05,0.0001852956148643883,-2.90739194230945e-06,0.0001852956148643883,7.260956592604197e-05,0.0001852956148643883
45,1.3800566103289935e-05,7.574721838412357e-05,6.751635563927307e-05,0.00018936804596030897,-2.8327711294204375e-06,0.00018936804596030897,7.03491267686935e-05,0.00018936804596030897
46,1.456529064104748e-05,7.737619082249184e-05,6.575784991583361e-05,0.00019344047705622955,-2.751250562446351e-06,0.00019344047705622955,6.850910047827998e-05,0.00019344047705622955
47,1.5241177861373958e-05,7.900516326086008e-05,6.45586359468294e-05,0.0001975129081521502,-2.7614960501109067e-06,0.0001975129081521502,6.73201319969403e-05,0.0001975129081521502
48,1.571317618901718e-05,8.063413569922834e-05,6.35159953480435e-05,0.0002015853392480708,-2.9221035340072204e-06,0.0002015853392480708,6.643809888205072e-05,0.0002015853392480708
49,1.592091863260368e-05,8.226310813759657e-05,6.213082169658015e-05,0.00020565777034399146,-3.2379757665073153e-06,0.00020565777034399146,6.536879746308747e-05,0.00020565777034399146
50,1.5858715776940458e-05,8.389208057596482e-05,6.067110582602066e-05,0.00020973020143991205,-3.665784244431315e-06,0.00020973020143991205,6.4336890070452e-05,0.00020973020143991205
51,1.55695070437113e-05,8.552105301433307e-05,5.9279640998364874e-05,0.00021380263253583268,-4.121318751780587e-06,0.00021380263253583268,6.340095975014546e-05,0.00021380263253583268
52,1.5116917031829283e-05,8.715002545270132e-05,5.83602333669545e-05,0.0002178750636317533,-4.503666387268118e-06,0.0002178750636317533,6.286389975422262e-05,0.0002178750636317533
53,1.456088372640809e-05,8.877899789106956e-05,5.8128770770146306e-05,0.00022194749472767393,-4.713709948613361e-06,0.00022194749472767393,6.284248071875966e-05,0.00022194749472767393
54,1.3939922176763428e-05,9.040797032943782e-05,5.869315975761679e-05,0.00022601992582359454,-4.6742880766655585e-06,0.00022601992582359454,6.336744783428236e-05,0.00022601992582359454
55,1.3266726286278448e-05,9.203694276780607e-05,5.9876930531238964e-05,0.0002300923569195152,-4.346138083759725e-06,0.0002300923569195152,6.42230686149987e-05,0.0002300923569195152
56,1.2534521948158318e-05,9.366591520617432e-05,6.195881506346678e-05,0.0002341647880154358,,0.0002341647880154358,,0.0002341647880154358
57,1.1726705336967383e-05,9.529488764454257e-05,6.461748222927768e-05,0.00023823721911135642,,0.00023823721911135642,,0.00023823721911135642
58,1.0828474446858254e-05,9.692386008291082e-05,6.699307758529758e-05,0.00024230965020727703,,0.00024230965020727703,,0.00024230965020727703
59,9.833428949057513e-06,9.855283252127906e-05,6.865101194921078e-05,0.00024638208130319764,,0.00024638208130319764,,0.00024638208130319764
60,8.742506546364438e-06,0.00010018180495964731,6.949051751241573e-05,0.0002504545123991183,,0.0002504545123991183,,0.0002504545123991183
61,7.563795599072008e-06,0.00010181077739801555,6.99658837398032e-05,0.0002545269434950389,,0.0002545269434950389,,0.0002545269434950389
62,6.305926257150861e-06,0.00010343974983638382,6.98664218410546e-05,0.00025859937459095947,,0.00025859937459095947,,0.00025859937459095947
63,4.97938577175255e-06,0.00010506872227475207,6.947649425095369e-05,0.0002626718056868802,,0.0002626718056868802,,0.0002626718056868802
64,3.600365680260149e-06,0.00010669769471312034,6.922126779404407e-05,0.0002667442367828008,,0.0002667442367828008,,0.0002667442367828008
65,2.192425119728895e-06,0.00010832666715148856,6.91506459285144e-05,0.0002708166678787214,,0.0002708166678787214,,0.0002708166678787214
66,7.98261188769001e-07,0.00010995563958985681,6.884390978440949e-05,0.000274889098974642,,0.000274889098974642,,0.000274889098974642
67,-5.31472011007254e-07,0.00011158461202822506,6.83914248402517e-05,0.0002789615300705626,,0.0002789615300705626,,0.0002789615300705626
68,-1.7416405383265592e-06,0.00011321358446659329,6.825665079627526e-05,0.0002830339611664833,,0.0002830339611664833,,0.0002830339611664833
69,-2.788701294486818e-06,0.00011484255690496155,6.823646223980007e-05,0.00028710639226240385,,0.00028710639226240385,,0.00028710639226240385
70,-3.6499460750314333e-06,0.0001164715293433298,6.838327762953386e-05,0.00029117882335832445,,0.00029117882335832445,,0.00029117882335832445
71,-4.318055090930393e-06,0.00011810050178169804,6.883257418233931e-05,0.0002952512544542451,,0.0002952512544542451,,0.0002952512544542451
72,-4.791190266273322e-06,0.00011972947422006631,6.98429460382815e-05,0.0002993236855501658,,0.0002993236855501658,,0.0002993236855501658
73,-5.052978023724181e-06,0.00012135844665843456,7.098858205672623e-05,0.0003033961166460864,,0.0003033961166460864,,0.0003033961166460864
74,-5.0652561361422665e-06,0.0001229874190968028,7.215962976529098e-05,0.000307468547742007,,0.000307468547742007,,0.000307468547742007
75,-4.77600791939163e-06,0.00012461639153517104,7.33815402558508e-05,0.0003115409788379276,,0.0003115409788379276,,0.0003115409788379276
76,-4.14454034929675e-06,0.0001262453639735393,7.448611048189775e-05,0.0003156134099338483,,0.0003156134099338483,,0.0003156134099338483
77,-3.1684032228114542e-06,0.00012787433641190754,7.562316103520044e-05,0.00031968584102976883,,0.00031968584102976883,,0.00031968584102976883
78,-1.9055405758104652e-06,0.00012950330885027578,7.677150911695152e-05,0.0003237582721256895,,0.0003237582721256895,,0.0003237582721256895
79,-4.6994066775743165e-07,0.00013113228128864405,7.80706511044595e-05,0.00032783070322161016,,0.00032783070322161016,,0.00032783070322161016
80,9.929666242045065e-07,0.0001327612537270123,7.954072707008068e-05,0.00033190313431753077,,0.00033190313431753077,,0.00033190313431753077
81,2.3428817418040564e-06,0.00013439022616538055,8.12189838151888e-05,0.0003359755654134513,,0.0003359755654134513,,0.0003359755654134513
82,3.479471414530792e-06,0.0001360191986037488,8.303770455497691e-05,0.000340047996509372,,0.000340047996509372,,0.000340047996509372
83,4.359566397352298e-06,0.00013764817104211706,8.512488679548216e-05,0.0003441204276052926,,0.0003441204276052926,,0.0003441204276052926
84,4.992241470436539e-06,0.0001392771434804853,8.729589313932802e-05,0.00034819285870121326,,0.00034819285870121326,,0.00034819285870121326
85,5.418486322767051e-06,0.00014090611591885353,8.927524204634418e-05,0.0003522652897971338,,0.0003522652897971338,,0.0003522652897971338
86,5.681085519490315e-06,0.0001425350883572218,9.12884403459462e-05,0.0003563377208930544,,0.0003563377208930544,,0.0003563377208930544
87,5.805326817047867e-06,0.00014416406079559004,9.34323410067716e-05,0.0003604101519889751,,0.0003604101519889751,,0.0003604101519889751
88,5.793931547992546e-06,0.00014579303323395827,9.605708521326574e-05,0.00036448258308489575,,0.00036448258308489575,,0.00036448258308489575
89,5.6333917951691645e-06,0.00014742200567232654,9.92776490762108e-05,0.0003685550141808163,,0.0003685550141808163,,0.0003685550141808163
90,5.3197052141587015e-06,0.0001490509781106948,0.0001025644616368136,0.00037262744527673697,,0.00037262744527673697,,0.00037262744527673697
91,4.868335895271522e-06,0.00015067995054906304,0.00010586553387260044,0.0003766998763726576,,0.0003766998763726576,,0.0003766998763726576
92,4.323351779032102e-06,0.00015230892298743128,0.00010938276011664701,0.00038077230746857825,,0.00038077230746857825,,0.00038077230746857825
93,3.7431480878906537e-06,0.00015393789542579955,0.00011231756913566064,0.0003848447385644988,,0.0003848447385644988,,0.0003848447385644988
94,3.1789951947443125e-06,0.0001555668678641678,0.00011430196476981768,0.0003889171696604194,,0.0003889171696604194,,0.0003889171696604194
95,2.650603621990584e-06,0.00015719584030253602,0.00011605578980698682,0.0003929896007563401,,0.0003929896007563401,,0.0003929896007563401
96,2.139566812446762e-06,0.00015882481274090426,0.00011798183358279806,0.00039706203185226074,,0.00039706203185226074,,0.00039706203185226074
97,1.5982019165737953e-06,0.00016045378517927253,0.0001197949452646476,0.0004011344629481813,,0.0004011344629481813,,0.0004011344629481813
98,9.738121407635512e-07,0.00016208275761764077,0.00012136797524512566,0.00040520689404410196,,0.00040520689404410196,,0.00040520689404410196
99,2.3772013411322189e-07,0.00016371173005600903,0.00012300026876712136,0.0004092793251400226,,0.0004092793251400226,,0.0004092793251400226
100,-5.971116977244373e-07,0.00016534070249437727,0.00012465350837705732,0.0004133517562359431,,0.0004133517562359431,,0.0004133517562359431
101,-1.4787968906736613e-06,0.00016696967493274556,0.00012557897436297013,0.0004174241873318639,,0.0004174241873318639,,0.0004174241873318639
102,-2.3349808395970847e-06,0.00016859864737111377,0.00012573029508963822,0.0004214966184277844,,0.0004214966184277844,,0.0004214966184277844
103,-3.0987972007283805e-06,0.000170227619809482,0.00012579744998059123,0.00042556904952370506,,0.00042556904952370506,,0.00042556904952370506
104,-3.7292069634191447e-06,0.00017185659224785028,0.0001252989330145126,0.0004296414806196256,,0.0004296414806196256,,0.0004296414806196256
105,-4.215624471756258e-06,0.00017348556468621852,0.00012394171200123688,0.0004337139117155463,,0.0004337139117155463,,0.0004337139117155463
106,-4.5696414489235715e-06,0.00017511453712458676,0.000122254619579401,0.0004377863428114669,,0.0004377863428114669,,0.0004377863428114669
107,-4.80349293764582e-06,0.00017674350956295502,0.00012046263459467592,0.00044185877390738755,,0.00044185877390738755,,0.00044185877390738755
108,-4.917525003072006e-06,0.00017837248200132326,0.00011839780364875336,0.0004459312050033082,,0.0004459312050033082,,0.0004459312050033082
109,-4.892422269670539e-06,0.00018000145443969153,0.00011634419007636853,0.00045000363609922877,,0.00045000363609922877,,0.00045000363609922877
110,-4.697826610959227e-06,0.00018163042687805976,0.00011452163727730269,0.00045407606719514944,,0.00045407606719514944,,0.00045407606719514944
111,-4.309133602790656e-06,0.000183259399316428,0.00011264288481299655,0.00045814849829107005,,0.00045814849829107005,,0.00045814849829107005
112,-3.7287529255574235e-06,0.00018488837175479627,0.00011089974420955364,0.0004622209293869907,,0.0004622209293869907,,0.0004622209293869907
113,-2.9920333830557864e-06,0.0001865173441931645,0.00010928697666146883,0.0004662933604829112,,0.0004662933604829112,,0.0004662933604829112
114,-2.1726221408131546e-06,0.00018814631663153277,0.00010751168117637352,0.0004703657915788319,,0.0004703657915788319,,0.0004703657915788319
115,-1.3632720364535543e-06,0.000189775289069901,0.00010539986031880605,0.00047443822267475254,,0.00047443822267475254,,0.00047443822267475254
116,-6.561532942624058e-07,0.00019140426150826925,0.00010314098929709922,0.0004785106537706731,,0.0004785106537706731,,0.0004785106537706731
117,-1.21011655975452e-07,0.00019303323394663751,0.00010070904726690647,0.00048258308486659376,,0.00048258308486659376,,0.00048258308486659376
118,2.072745207689719e-07,0.00019466220638500575,9.810498611890574e-05,0.00048665551596251437,,0.00048665551596251437,,0.00048665551596251437
119,3.324226135026144e-07,0.00019629117882337402,9.554667806640047e-05,0.000490727947058435,,0.000490727947058435,,0.000490727947058435
120,2.840726921532767e-07,0.00019792015126174226,9.290279835235002e-05,0.0004948003781543556,,0.0004948003781543556,,0.0004948003781543556
121,1.01534673852247e-07,0.0001995491237001105,9.01521460055282e-05,0.0004988728092502763,,0.0004988728092502763,,0.0004988728092502763
122,-1.8188203692118368e-07,0.00020117809613847876,8.743266529125893e-05,0.0005029452403461968,,0.0005029452403461968,,0.0005029452403461968
123,-5.462860026842441e-07,0.000202807068576847,8.50699154841218e-05,0.0005070176714421175,,0.0005070176714421175,,0.0005070176714421175
124,-9.840010748994163e-07,0.00020443604101521526,8.285114176647044e-05,0.0005110901025380381,,0.0005110901025380381,,0.0005110901025380381
125,-1.4882880403464266e-06,0.0002060650134535835,8.061294946210526e-05,0.0005151625336339587,,0.0005151625336339587,,0.0005151625336339587
126,-2.0390590803745786e-06,0.0002076939858919518,7.861299525636963e-05,0.0005192349647298795,,0.0005192349647298795,,0.0005192349647298795
127,-2.5989467187834907e-06,0.00020932295833032,7.693458681692966e-05,0.0005233073958258,,0.0005233073958258,,0.0005233073958258
128,-3.118066836137744e-06,0.00021095193076868824,7.521597939144352e-05,0.0005273798269217206,,0.0005273798269217206,,0.0005273798269217206
129,-3.549891363937328e-06,0.0002125809032070565,7.321691286170466e-05,0.0005314522580176412,,0.0005314522580176412,,0.0005314522580176412
130,-3.874135938080936e-06,0.00021420987564542475,7.133189946768455e-05,0.0005355246891135618,,0.0005355246891135618,,0.0005355246891135618
131,-4.1067758349128106e-06,0.000215838848083793,6.968209313537108e-05,0.0005395971202094825,,0.0005395971202094825,,0.0005395971202094825
132,-4.298252197805091e-06,0.00021746782052216125,6.830003151968123e-05,0.0005436695513054031,,0.0005436695513054031,,0.0005436695513054031
133,-4.511910427060419e-06,0.00021909679296052955,6.720642525610216e-05,0.0005477419824013237,,0.0005477419824013237,,0.0005477419824013237
134,-4.7925113903000295e-06,0.00022072576539889776,6.635215192408984e-05,0.0005518144134972443,,0.0005518144134972443,,0.0005518144134972443
135,-5.14306605860155e-06,0.000222354737837266,6.551144473523658e-05,0.000555886844593165,,0.000555886844593165,,0.000555886844593165
136,-5.514063473503344e-06,0.00022398371027563423,6.458601339165943e-05,0.0005599592756890856,,0.0005599592756890856,,0.0005599592756890856
137,-5.820814420814463e-06,0.0002256126827140025,6.373009578117452e-05,0.0005640317067850063,,0.0005640317067850063,,0.0005640317067850063
138,-5.972696566314001e-06,0.00022724165515237074,6.30012415394524e-05,0.0005681041378809268,,0.0005681041378809268,,0.0005681041378809268
139,-5.906115718136602e-06,0.000228870627590739,6.241417772679718e-05,0.0005721765689768475,,0.0005721765689768475,,0.0005721765689768475
140,-5.608036477716345e-06,0.00023049960002910721,6.188143025365094e-05,0.0005762490000727681,,0.0005762490000727681,,0.0005762490000727681
141,-5.109956424575135e-06,0.00023212857246747548,6.142301990126743e-05,0.0005803214311686887,,0.0005803214311686887,,0.0005803214311686887
142,-4.4780691375973375e-06,0.00023375754490584375,6.093067147577221e-05,0.0005843938622646093,,0.0005843938622646093,,0.0005843938622646093
143,-3.543333120859595e-06,0.00023538651734421198,6.0412435264065666e-05,0.0005884662933605299,,0.0005884662933605299,,0.0005884662933605299
144,-2.3820542399228396e-06,0.00023701548978258025,5.994345859496355e-05,0.0005925387244564505,,0.0005925387244564505,,0.0005925387244564505
145,-1.7202433561885265e-06,0.0002386444622209485,5.939625874523487e-05,0.0005966111555523712,,0.0005966111555523712,,0.0005966111555523712
146,-1.165137902503956e-06,0.00024027343465931673,5.881407405597379e-05,0.0006006835866482918,,0.0006006835866482918,,0.0006006835866482918
147,-6.884085010108891e-07,0.00024190240709768496,5.8184934477268424e-05,0.0006047560177442125,,0.0006047560177442125,,0.0006047560177442125
148,-4.7079169664058625e-07,0.00024353137953605323,5.71917087138489e-05,0.0006088284488401331,,0.0006088284488401331,,0.0006088284488401331
149,-2.0991559383073242e-07,0.00024516035197442147,5.589555145892514e-05,0.0006129008799360537,,0.0006129008799360537,,0.0006129008799360537
150,2.9539320403528694e-07,0.00024678932441278973,5.468999376508782e-05,0.0006169733110319743,,0.0006169733110319743,,0.0006169733110319743
151,5.453237426529193e-07,0.000248418296851158,5.351374879210228e-05,0.0006210457421278949,,0.0006210457421278949,,0.0006210457421278949
152,4.814692245684742e-07,0.0002500472692895262,5.25126477782938e-05,0.0006251181732238155,,0.0006251181732238155,,0.0006251181732238155
153,4.1446696178680564e-07,0.0002516762417278945,5.184001271822617e-05,0.0006291906043197361,,0.0006291906043197361,,0.0006291906043197361
154,6.811380186313835e-07,0.0002533052141662627,5.119427362352264e-05,0.0006332630354156567,,0.0006332630354156567,,0.0006332630354156567
155,1.3899147350909322e-06,0.000254934186604631,5.061449927434195e-05,0.0006373354665115775,,0.0006373354665115775,,0.0006373354665115775
156,1.8469523850904513e-06,0.0002565631590429992,5.0239866227179854e-05,0.0006414078976074981,,0.0006414078976074981,,0.0006414078976074981
157,2.291697614799505e-06,0.0002581921314813675,4.9729578694775135e-05,0.0006454803287034187,,0.0006454803287034187,,0.0006454803287034187
158,2.649341008689051e-06,0.00025982110391973575,4.915422306537478e-05,0.0006495527597993394,,0.0006495527597993394,,0.0006495527597993394
159,2.90258076614179e-06,0.00026145007635810396,4.8885544252337524e-05,0.0006536251908952599,,0.0006536251908952599,,0.0006536251908952599
160,3.0820721308403202e-06,0.0002630790487964722,4.869762029695616e-05,0.0006576976219911805,,0.0006576976219911805,,0.0006576976219911805
161,3.129888756885242e-06,0.00026470802123484044,4.8554715471395654e-05,0.0006617700530871011,,0.0006617700530871011,,0.0006617700530871011
162,3.0966185914744133e-06,0.0002663369936732087,4.864417259921406e-05,0.0006658424841830217,,0.0006658424841830217,,0.0006658424841830217
163,3.1008088767884975e-06,0.00026796596611157697,4.8797417006001264e-05,0.0006699149152789425,,0.0006699149152789425,,0.0006699149152789425
164,3.1957642070835393e-06,0.00026959493854994523,4.9032699859942495e-05,0.0006739873463748631,,0.0006739873463748631,,0.0006739873463748631
165,3.3533430209776458e-06,0.0002712239109883135,4.932566311076575e-05,0.0006780597774707837,,0.0006780597774707837,,0.0006780597774707837
166,3.4983722822580163e-06,0.0002728528834266817,4.9356405701661407e-05,0.0006821322085667042,,0.0006821322085667042,,0.0006821322085667042
167,3.5655617652783896e-06,0.0002744818558650499,4.935415667701825e-05,0.0006862046396626249,,0.0006862046396626249,,0.0006862046396626249
168,3.5395708665696885e-06,0.0002761108283034182,4.958189425819229e-05,0.0006902770707585455,,0.0006902770707585455,,0.0006902770707585455
169,3.4295529650202302e-06,0.00027773980074178645,4.9822026242213546e-05,0.0006943495018544661,,0.0006943495018544661,,0.0006943495018544661
170,3.2477231089307742e-06,0.0002793687731801547,5.0096505753882834e-05,0.0006984219329503867,,0.0006984219329503867,,0.0006984219329503867
171,3.0253486676703297e-06,0.000280997745618523,5.043555139248571e-05,0.0007024943640463074,,0.0007024943640463074,,0.0007024943640463074
172,2.808871372295708e-06,0.0002826267180568912,5.073808194136736e-05,0.000706566795142228,,0.000706566795142228,,0.000706566795142228
173,2.6330353340402303e-06,0.00028425569049525946,5.113723077175375e-05,0.0007106392262381487,,0.0007106392262381487,,0.0007106392262381487
174,2.5035395376820076e-06,0.0002858846629336277,5.167654735127312e-05,0.0007147116573340694,,0.0007147116573340694,,0.0007147116573340694
175,2.3873417953319404e-06,0.00028751363537199594,5.2272102731763855e-05,0.0007187840884299898,,0.0007187840884299898,,0.0007187840884299898
176,2.2298133597900586e-06,0.0002891426078103642,5.300352806149432e-05,0.0007228565195259105,,0.0007228565195259105,,0.0007228565195259105
177,1.99978867457916e-06,0.00029077158024873247,5.3815010293967765e-05,0.0007269289506218311,,0.0007269289506218311,,0.0007269289506218311
178,1.7252129207875726e-06,0.00029240055268710074,5.457249708281638e-05,0.0007310013817177517,,0.0007310013817177517,,0.0007310013817177517
179,1.4721343723171181e-06,0.00029402952512546895,5.518631717131216e-05,0.0007350738128136724,,0.0007350738128136724,,0.0007350738128136724
180,1.2968591875562333e-06,0.0002956584975638372,5.5673637417093e-05,0.000739146243909593,,0.000739146243909593,,0.000739146243909593
181,1.2189649084798853e-06,0.0002972874700022054,5.6248387746205526e-05,0.0007432186750055136,,0.0007432186750055136,,0.0007432186750055136
182,1.2283509416727703e-06,0.0002989164424405737,5.697375105053446e-05,0.0007472911061014341,,0.0007472911061014341,,0.0007472911061014341
183,1.2992046389892532e-06,0.00030054541487894195,5.768251015541607e-05,0.0007513635371973549,,0.0007513635371973549,,0.0007513635371973549
184,1.4029394370239265e-06,0.0003021743873173102,5.819416167038654e-05,0.0007554359682932755,,0.0007554359682932755,,0.0007554359682932755
185,1.516315538245711e-06,0.0003038033597556785,5.8470324857601297e-05,0.0007595083993891961,,0.0007595083993891961,,0.0007595083993891961
186,1.631149180552716e-06,0.0003054323321940467,5.846731300779508e-05,0.0007635808304851167,,0.0007635808304851167,,0.0007635808304851167
187,1.7508170725715532e-06,0.00030706130463241496,5.825832384078985e-05,0.0007676532615810373,,0.0007676532615810373,,0.0007676532615810373
188,1.8784068553538021e-06,0.0003086902770707832,5.800565959103594e-05,0.000771725692676958,,0.000771725692676958,,0.000771725692676958
189,2.0108316568184667e-06,0.00031031924950915144,5.7631278520596835e-05,0.0007757981237728786,,0.0007757981237728786,,0.0007757981237728786
190,2.1392234274851442e-06,0.0003119482219475197,5.7027446367590156e-05,0.0007798705548687991,,0.0007798705548687991,,0.0007798705548687991
191,2.2590136645222016e-06,0.00031357719438588797,5.633952058190061e-05,0.0007839429859647197,,0.0007839429859647197,,0.0007839429859647197
192,2.3705715303247254e-06,0.0003152061668242562,5.577895140500063e-05,0.0007880154170606405,,0.0007880154170606405,,0.0007880154170606405
193,2.4746131862031386e-06,0.00031683513926262445,5.536540605560798e-05,0.0007920878481565611,,0.0007920878481565611,,0.0007920878481565611
194,2.5657455661443037e-06,0.00031846411170099266,5.4941318814642134e-05,0.0007961602792524817,,0.0007961602792524817,,0.0007961602792524817
195,2.628262008371603e-06,0.000320093084139361,5.4306170858439625e-05,0.0008002327103484024,,0.0008002327103484024,,0.0008002327103484024
196,2.643987339672798e-06,0.0003217220565777292,5.3508771237556e-05,0.000804305141444323,,0.000804305141444323,,0.000804305141444323
197,2.594214670427865e-06,0.00032335102901609746,5.289259427537337e-05,0.0008083775725402436,,0.0008083775725402436,,0.0008083775725402436
